Gender,Married,Dependents,Education,Self_Employed,Loan_Amount_Term,Credit_History,Property_Area,Loan_Status,LoanIncomeRatio,TotalIncome_Log,LoanAmount_Log
Male,No,0.0,Graduate,No,360.0,1.0,Urban,Y,0.021884082749187895,8.674196940225903,4.859812404361672
Male,Yes,1.0,Graduate,No,360.0,1.0,Rural,N,0.0210146117222131,8.714731714015052,4.859812404361672
Male,Yes,0.0,Graduate,Yes,360.0,1.0,Urban,Y,0.022,8.006700845440367,4.204692619390966
Male,Yes,0.0,Not Graduate,No,360.0,1.0,Urban,Y,0.024286581663630843,8.505525386548555,4.795790545596741
Male,No,0.0,Graduate,No,360.0,1.0,Urban,Y,0.0235,8.699681400989514,4.955827057601261
Male,Yes,2.0,Graduate,Yes,360.0,1.0,Urban,Y,0.027774888172266723,9.170975648453906,5.5909869805108565
Male,Yes,0.0,Not Graduate,No,360.0,1.0,Urban,Y,0.024681735515718367,8.25582842728183,4.564348191467836
Male,Yes,3.0,Graduate,No,360.0,0.0,Semiurban,N,0.02851985559566787,8.61993026886735,5.0689042022202315
Male,Yes,2.0,Graduate,No,360.0,1.0,Urban,Y,0.03036876355748373,8.618485442898109,5.1298987149230735
Male,Yes,1.0,Graduate,No,360.0,1.0,Semiurban,N,0.014658322483094628,10.077860939480908,5.857933154483459
Male,Yes,2.0,Graduate,No,360.0,1.0,Urban,Y,0.017948717948717947,8.268988209506656,4.2626798770413155
Male,Yes,2.0,Graduate,No,360.0,1.0,Urban,Y,0.02511520737327189,8.375860015299594,4.700480365792417
Male,Yes,2.0,Graduate,No,360.0,1.0,Urban,Y,0.01789068789694964,9.32188174670909,5.303304908059076
Male,No,0.0,Graduate,No,360.0,1.0,Rural,N,0.024291497975708502,8.454040376410969,4.74493212836325
Male,Yes,2.0,Graduate,No,120.0,1.0,Urban,Y,0.007127882599580713,7.777373602657861,2.8903717578961645
Male,No,0.0,Graduate,No,360.0,1.0,Urban,Y,0.025252525252525252,8.507344855361422,4.836281906951478
Male,No,1.0,Not Graduate,No,240.0,1.0,Urban,Y,0.027808676307007785,8.187855443695623,4.61512051684126
Female,No,0.0,Graduate,No,360.0,0.0,Urban,N,0.021652421652421653,8.163656176168432,4.343805421853684
Male,Yes,0.0,Not Graduate,No,360.0,1.0,Rural,N,0.027215060364231634,8.494538500851432,4.897839799950911
Male,Yes,0.0,Graduate,No,360.0,1.0,Urban,Y,0.018852459016393444,8.716207971151853,4.7535901911063645
Male,Yes,0.0,Not Graduate,No,360.0,0.0,Urban,N,0.013577023498694517,8.94389780251682,4.653960350157523
Male,Yes,1.0,Graduate,No,360.0,1.0,Urban,Y,0.027202072538860103,9.357121103184378,5.755742213586912
Male,Yes,0.0,Not Graduate,No,360.0,0.0,Semiurban,N,0.025714919086677012,8.414495793177895,4.762173934797756
Male,Yes,2.0,Not Graduate,No,360.0,0.0,Rural,N,0.021204089360090876,8.572249397164315,4.727387818712341
Male,Yes,1.0,Graduate,No,360.0,1.0,Semiurban,N,0.02273411623005119,8.80131894766524,5.0238805208462765
Male,Yes,0.0,Graduate,Yes,360.0,1.0,Semiurban,Y,0.01997907949790795,9.165447603085447,5.2574953720277815
Male,Yes,0.0,Graduate,No,360.0,1.0,Semiurban,Y,0.02414885193982581,8.527737405291909,4.812184355372417
Male,Yes,2.0,Not Graduate,No,360.0,1.0,Urban,Y,0.020888720091150777,8.569216219483389,4.709530201312334
Male,No,0.0,Not Graduate,No,360.0,1.0,Urban,N,0.024271844660194174,7.274479558773871,3.58351893845611
Female,No,2.0,Graduate,No,360.0,1.0,Semiurban,Y,0.020572604148808505,8.671458150427666,4.795790545596741
Male,Yes,1.0,Graduate,No,360.0,1.0,Urban,N,0.026675514266755143,8.927446816256198,5.308267697401205
Male,No,0.0,Graduate,No,360.0,1.0,Urban,N,0.023365961477739186,8.060855752934316,4.31748811353631
Male,No,1.0,Graduate,Yes,360.0,1.0,Rural,N,0.022591645353793693,8.453827315794417,4.672828834461906
Male,Yes,0.0,Graduate,No,360.0,1.0,Semiurban,Y,0.022063092703696534,8.550241045462437,4.74493212836325
Male,No,3.0,Graduate,No,360.0,1.0,Rural,N,0.02064516129032258,9.648659816955295,5.771441123130016
Male,Yes,0.0,Graduate,No,360.0,1.0,Urban,Y,0.02947950253339475,8.376320632534823,4.859812404361672
Male,Yes,0.0,Graduate,No,360.0,0.0,Urban,N,0.031665611146295125,8.058010800802085,4.61512051684126
Female,Yes,0.0,Graduate,No,360.0,1.0,Semiurban,Y,0.02809207959422552,8.5422759717837,4.976733742420574
Male,No,0.0,Graduate,No,360.0,1.0,Urban,Y,0.01617440225035162,9.339349052539717,5.220355825078324
Male,No,0.0,Not Graduate,No,360.0,1.0,Semiurban,Y,0.02031019202363368,8.597297435657898,4.709530201312334
Male,No,0.0,Graduate,No,360.0,1.0,Urban,N,0.022222222222222223,8.188966863648876,4.394449154672439
Male,No,0.0,Graduate,No,360.0,1.0,Urban,Y,0.015599070693660804,8.01102337918644,3.871201010907891
Male,Yes,0.0,Graduate,No,360.0,1.0,Urban,Y,0.03125,7.783640596221253,4.330733340286331
Male,Yes,0.0,Graduate,No,360.0,1.0,Semiurban,Y,0.021347777600764697,8.744806737401898,4.90527477843843
Male,Yes,0.0,Not Graduate,Yes,360.0,1.0,Urban,Y,0.020447284345047924,8.454466361507933,4.574710978503383
Female,No,0.0,Graduate,No,360.0,1.0,Urban,Y,0.025806451612903226,8.134760782418645,4.48863636973214
Male,Yes,1.0,Graduate,No,360.0,1.0,Urban,Y,0.007788989201628607,8.639410824140487,3.8066624897703196
Male,Yes,0.0,Graduate,No,360.0,1.0,Urban,Y,0.02473801752276241,8.669399124305569,4.976733742420574
Female,Yes,0.0,Graduate,No,360.0,0.0,Urban,N,0.01972062448644207,8.713746330456916,4.795790545596741
Female,No,0.0,Graduate,No,360.0,1.0,Semiurban,Y,0.022948207171314742,8.744488113852924,4.976733742420574
Female,Yes,0.0,Not Graduate,No,360.0,1.0,Semiurban,Y,0.027995520716685332,8.181160858023409,4.61512051684126
Female,No,0.0,Graduate,No,360.0,1.0,Semiurban,Y,0.03888528839922229,8.034955024502159,4.795790545596741
Female,No,0.0,Graduate,No,360.0,1.0,Semiurban,N,0.026477541371158392,8.350193650720067,4.727387818712341
Male,Yes,2.0,Graduate,No,360.0,1.0,Urban,N,0.02902946273830156,8.43750042250699,4.90527477843843
Female,Yes,1.0,Graduate,Yes,360.0,0.0,Urban,N,0.024869565217391306,9.350189267092581,5.659482215759621
Male,Yes,2.0,Graduate,No,360.0,1.0,Semiurban,Y,0.02503225806451613,8.262558973010657,4.584967478670572
Male,Yes,0.0,Graduate,No,360.0,1.0,Semiurban,Y,0.0257856567284448,8.222553638396958,4.574710978503383
Male,Yes,0.0,Graduate,No,360.0,1.0,Rural,N,0.024254401724757457,8.624611588183507,4.912654885736052
Male,Yes,1.0,Graduate,No,360.0,1.0,Urban,Y,0.017424975798644726,9.242904362849446,5.198497031265826
Male,Yes,2.0,Not Graduate,No,360.0,1.0,Urban,Y,0.023166023166023165,8.735042754269337,4.976733742420574
Male,Yes,0.0,Graduate,No,360.0,1.0,Urban,Y,0.01905972045743329,8.747828608488742,4.795790545596741
Male,Yes,3.0,Graduate,No,360.0,1.0,Urban,Y,0.03268405414328161,8.016317898503415,4.605170185988092
Male,Yes,0.0,Not Graduate,Yes,180.0,0.0,Rural,N,0.02723671178606801,8.70930004894499,5.111987788356544
Male,Yes,1.0,Graduate,No,360.0,0.0,Rural,N,0.025884732052578362,8.506334448081361,4.859812404361672
Female,No,0.0,Graduate,No,360.0,0.0,Semiurban,N,0.02784445511281805,8.334951631422454,4.762173934797756
Male,Yes,0.0,Graduate,No,360.0,1.0,Semiurban,N,0.024997577754093597,9.242032818708672,5.556828061699537
Male,No,0.0,Not Graduate,No,180.0,0.0,Urban,N,0.0231023102310231,8.604287898267172,4.844187086458591
Male,Yes,1.0,Graduate,No,360.0,1.0,Urban,Y,0.02902325581395349,9.282754052485227,5.746203190540153
Male,Yes,3.0,Not Graduate,Yes,60.0,1.0,Urban,Y,0.017605633802816902,8.867990898182093,4.836281906951478
Female,No,0.0,Graduate,No,360.0,0.0,Semiurban,N,0.03162790697674418,8.366602832783736,4.919980925828125
Male,Yes,0.0,Graduate,No,360.0,1.0,Urban,Y,0.027414727446605038,8.744328763999984,5.153291594497779
Male,Yes,2.0,Not Graduate,Yes,360.0,1.0,Semiurban,Y,0.025866666666666666,8.229777750081887,4.584967478670572
Male,No,0.0,Graduate,No,300.0,1.0,Semiurban,Y,0.023142857142857142,8.160803920954665,4.406719247264253
Male,Yes,3.0,Not Graduate,No,360.0,0.0,Semiurban,N,0.019978969505783387,8.467162257810672,4.564348191467836
Male,Yes,3.0,Graduate,Yes,360.0,1.0,Semiurban,Y,0.0265625,8.859505484519133,5.236441962829949
Male,No,0.0,Graduate,No,480.0,1.0,Urban,N,0.030133333333333335,8.229777750081887,4.736198448394496
Male,No,0.0,Graduate,No,360.0,1.0,Urban,N,0.020705882352941178,9.04793908261736,5.176149732573829
Male,Yes,1.0,Graduate,Yes,360.0,1.0,Urban,N,0.02734957732471407,8.299783171949787,4.709530201312334
Male,Yes,3.0,Graduate,No,300.0,0.0,Semiurban,N,0.025115110925073254,8.877381954654766,5.198497031265826
Male,Yes,3.0,Not Graduate,Yes,360.0,1.0,Semiurban,Y,0.02364066193853428,8.612503371220562,4.875197323201151
Female,No,0.0,Graduate,No,360.0,1.0,Semiurban,Y,0.028861154446177848,8.255048902752295,4.718498871295094
Male,Yes,1.0,Graduate,Yes,360.0,1.0,Semiurban,Y,0.05344467640918581,7.78155595923534,4.859812404361672
Female,Yes,2.0,Graduate,No,360.0,1.0,Urban,N,0.0512427124884934,8.089482474360754,5.123963979403259
Male,Yes,0.0,Graduate,No,360.0,1.0,Semiurban,N,0.03212121212121212,9.018089684104343,5.583496308781699
Male,Yes,1.0,Graduate,No,240.0,1.0,Urban,Y,0.012537612838515547,8.291295851905407,3.9318256327243257
Male,No,0.0,Graduate,No,360.0,1.0,Semiurban,Y,0.027772105370635083,8.496582237512113,4.919980925828125
Male,Yes,2.0,Not Graduate,No,360.0,1.0,Semiurban,Y,0.0185636602287643,8.58185670474196,4.605170185988092
Male,Yes,0.0,Graduate,No,360.0,1.0,Semiurban,Y,0.02252057167605024,8.437933510430605,4.653960350157523
Male,No,0.0,Graduate,No,360.0,1.0,Urban,Y,0.02451552650011674,9.055672891964043,5.351858133476067
Male,Yes,0.0,Graduate,No,360.0,1.0,Semiurban,Y,0.017744879334820524,9.196545660953994,5.170483995038151
Male,Yes,0.0,Graduate,No,360.0,1.0,Semiurban,Y,0.022362581085694777,8.675734219544788,4.882801922586371
Male,Yes,2.0,Graduate,No,180.0,1.0,Semiurban,Y,0.015793010752688172,9.384713758920963,5.241747015059643
Male,Yes,2.0,Not Graduate,No,360.0,1.0,Urban,Y,0.015904182210877676,8.535818655539403,4.406719247264253
Male,No,0.0,Graduate,No,360.0,1.0,Semiurban,Y,0.029518509557222357,8.327000740241713,4.812184355372417
Male,No,0.0,Not Graduate,No,120.0,1.0,Semiurban,Y,0.006906077348066298,8.19450550976564,3.258096538021482
Male,No,0.0,Graduate,No,360.0,1.0,Urban,N,0.018873488646416987,8.82217476094608,4.859812404361672
Female,Yes,0.0,Graduate,No,360.0,1.0,Semiurban,Y,0.028625156707062265,8.473659189392508,4.927253685157205
Male,Yes,0.0,Graduate,No,360.0,1.0,Semiurban,Y,0.016812373907195696,7.99799931797973,3.9318256327243257
Male,Yes,0.0,Not Graduate,No,180.0,1.0,Semiurban,Y,0.027459407831900668,8.340217320947035,4.7535901911063645
Male,Yes,0.0,Graduate,No,360.0,1.0,Semiurban,Y,0.02471698113207547,8.575650760987806,4.882801922586371
Male,Yes,2.0,Not Graduate,No,180.0,1.0,Urban,Y,0.01761356111773275,8.929567707825337,4.897839799950911
Male,No,0.0,Graduate,No,360.0,1.0,Semiurban,Y,0.017458665741704245,9.065314599925925,5.0238805208462765
Male,Yes,0.0,Graduate,No,360.0,1.0,Urban,Y,0.009377289377289377,9.521568058002977,4.859812404361672
Male,Yes,0.0,Graduate,No,360.0,1.0,Semiurban,Y,0.01554341226472374,9.01627006814768,4.859812404361672
Male,Yes,0.0,Graduate,No,360.0,1.0,Urban,Y,0.0350109409190372,8.427487278331744,5.081404364984463
Male,Yes,1.0,Graduate,No,360.0,1.0,Urban,Y,0.02449779519843214,8.314587291319576,4.61512051684126
Male,Yes,2.0,Graduate,No,360.0,1.0,Urban,Y,0.01793829227457546,9.436997742590188,5.420534999272286
Male,No,0.0,Not Graduate,No,360.0,1.0,Rural,N,0.01636438019909996,8.900276348631271,4.795790545596741
Male,Yes,2.0,Graduate,No,360.0,0.0,Urban,N,0.02918918918918919,8.909370405197466,5.37989735354046
Male,Yes,3.0,Not Graduate,No,480.0,1.0,Semiurban,Y,0.03327433628318584,7.946617563244473,4.553876891600541
Male,No,0.0,Graduate,No,360.0,1.0,Urban,Y,0.025583145221971408,8.57866451350434,4.919980925828125
Female,Yes,0.0,Graduate,No,360.0,1.0,Semiurban,Y,0.026415811478525276,8.56845648535378,4.941642422609304
Male,Yes,0.0,Not Graduate,No,360.0,0.0,Rural,N,0.019776216497527973,8.947285869349132,5.030437921392435
Female,No,1.0,Graduate,Yes,360.0,1.0,Semiurban,Y,0.01717890216078379,8.916237731721479,4.859812404361672
Male,No,0.0,Graduate,No,360.0,1.0,Semiurban,Y,0.023366336633663366,8.527341522468053,4.77912349311153
Male,Yes,1.0,Graduate,No,180.0,1.0,Rural,Y,0.012686004251525749,9.5876803163585,5.225746673713202
Female,Yes,0.0,Graduate,No,360.0,1.0,Semiurban,Y,0.028256880733944955,8.603554357064281,5.043425116919247
Male,Yes,1.0,Graduate,No,360.0,1.0,Urban,Y,0.02353266888150609,8.19229373114764,4.454347296253507
Male,Yes,0.0,Graduate,No,360.0,1.0,Rural,N,0.022697795071335927,8.95040315983296,5.170483995038151
Female,No,0.0,Graduate,No,360.0,1.0,Urban,Y,0.024884704073789392,9.250426095515468,5.560681631015528
Male,Yes,0.0,Graduate,No,360.0,1.0,Rural,Y,0.02159827213822894,9.028218795184895,5.198497031265826
Female,No,0.0,Graduate,No,360.0,1.0,Semiurban,Y,0.01056168987037926,8.334951631422454,3.8066624897703196
Female,No,0.0,Graduate,No,360.0,0.0,Semiurban,Y,0.01232346856166232,9.316320695513415,4.927253685157205
Male,Yes,2.0,Graduate,No,360.0,1.0,Semiurban,Y,0.027392627663172135,7.992268643270745,4.406719247264253
Male,Yes,0.0,Not Graduate,No,360.0,1.0,Rural,Y,0.030725372188786824,8.750683034784592,5.272999558563747
Female,No,0.0,Graduate,No,360.0,1.0,Rural,Y,0.025189599133261104,8.214194414852564,4.543294782270004
Male,Yes,3.0,Graduate,No,360.0,1.0,Rural,Y,0.015544259127000798,10.077608912764743,5.916202062607435
Male,No,0.0,Graduate,No,360.0,1.0,Rural,Y,0.023251589464123524,8.613593685702552,4.859812404361672
Male,Yes,1.0,Graduate,Yes,180.0,0.0,Urban,N,0.011139734038849823,9.572480355345974,5.081404364984463
Male,Yes,0.0,Graduate,No,360.0,1.0,Rural,N,0.021042895132385248,9.065314599925925,5.209486152841421
Male,No,0.0,Graduate,Yes,480.0,1.0,Urban,Y,0.03223247049489239,9.911802884139842,6.478509642208569
Male,No,0.0,Graduate,No,360.0,1.0,Urban,Y,0.018767435962465127,8.279950715722526,4.31748811353631
Male,No,0.0,Graduate,No,360.0,1.0,Semiurban,Y,0.025754231052244298,7.908019444632471,4.2626798770413155
Male,Yes,0.0,Graduate,Yes,120.0,1.0,Semiurban,Y,0.007227522405319456,8.14902386805177,3.258096538021482
Male,No,0.0,Graduate,No,360.0,1.0,Semiurban,Y,0.020837589376915218,8.496173824192162,4.634728988229636
Male,Yes,3.0,Graduate,No,360.0,1.0,Semiurban,N,0.02468085106382979,9.371693622333941,5.673323267171493
Female,Yes,0.0,Graduate,No,360.0,1.0,Rural,N,0.0183286057167794,8.430327258394575,4.442651256490317
Male,Yes,2.0,Graduate,Yes,360.0,1.0,Urban,Y,0.012910798122065728,8.827174771362785,4.48863636973214
Male,No,0.0,Graduate,No,360.0,0.0,Semiurban,N,0.016134408960597372,9.615805480084347,5.493061443340548
Male,Yes,2.0,Not Graduate,No,360.0,1.0,Rural,N,0.022912966252220248,8.636042325254618,4.867534450455582
Male,Yes,2.0,Graduate,No,360.0,1.0,Rural,N,0.025964912280701753,8.871505346165781,5.225746673713202
Male,No,0.0,Graduate,No,360.0,1.0,Urban,Y,0.031013476093778844,8.59748202264504,5.1298987149230735
Male,No,0.0,Graduate,Yes,180.0,1.0,Semiurban,Y,0.025179856115107913,8.846640813100485,5.170483995038151
Male,Yes,0.0,Graduate,No,360.0,1.0,Semiurban,Y,0.02578191039729501,8.462314529906248,4.812184355372417
Male,Yes,2.0,Graduate,No,180.0,1.0,Urban,Y,0.01590541804882198,9.3722891389622,5.236441962829949
Female,Yes,0.0,Graduate,No,360.0,1.0,Semiurban,Y,0.014671361502347418,8.827174771362785,4.61512051684126
Female,Yes,2.0,Graduate,No,360.0,1.0,Urban,Y,0.0047087313332436435,9.60689927061335,4.2626798770413155
Male,Yes,1.0,Graduate,No,360.0,1.0,Urban,Y,0.010124873439082012,7.994294986415977,3.4339872044851463
Female,No,0.0,Graduate,No,360.0,1.0,Rural,N,0.019286816389507973,9.364519622823858,5.420534999272286
Male,Yes,0.0,Graduate,No,360.0,1.0,Semiurban,Y,0.021968365553602813,8.646641258603124,4.836281906951478
Male,No,0.0,Graduate,No,360.0,0.0,Rural,N,0.018798789230524134,8.744806737401898,4.77912349311153
Male,Yes,0.0,Graduate,Yes,360.0,1.0,Rural,Y,0.024024024024024024,8.75273950944749,5.030437921392435
Male,No,0.0,Graduate,No,360.0,1.0,Urban,N,0.026620117826751038,9.123365357961776,5.501258210544727
Male,Yes,2.0,Not Graduate,No,360.0,1.0,Rural,N,0.049539675580885574,7.732807530422021,4.736198448394496
Male,No,0.0,Graduate,No,360.0,1.0,Urban,Y,0.015365703749231715,8.08794755464267,3.9318256327243257
Male,Yes,3.0,Graduate,No,180.0,0.0,Semiurban,Y,0.015000375009375235,10.596634733096073,6.398594934535208
Male,Yes,1.0,Graduate,No,360.0,1.0,Rural,Y,0.02666666666666667,8.699681400989514,5.081404364984463
Male,Yes,1.0,Graduate,No,360.0,1.0,Urban,Y,0.019605787376808556,9.163143937145207,5.236441962829949
Male,No,0.0,Graduate,No,360.0,1.0,Rural,Y,0.023701362828362632,8.529911963824013,4.795790545596741
Male,Yes,0.0,Graduate,No,360.0,1.0,Semiurban,Y,0.02498040752351097,9.231024963169016,5.545177444479562
Male,Yes,0.0,Not Graduate,No,360.0,1.0,Semiurban,Y,0.0337465564738292,7.974188669286011,4.59511985013459
Male,Yes,0.0,Graduate,No,360.0,1.0,Urban,N,0.03466532207235598,8.978912601074276,5.62040086571715
Male,Yes,1.0,Graduate,No,360.0,0.0,Semiurban,N,0.027695124742504004,8.382518288089635,4.804021044733257
Male,Yes,2.0,Graduate,No,360.0,1.0,Rural,Y,0.028143925899536872,8.633196867172543,5.0689042022202315
Male,Yes,0.0,Graduate,No,180.0,1.0,Urban,Y,0.008044620830204869,9.140347000155648,4.330733340286331
Male,Yes,0.0,Graduate,No,360.0,1.0,Rural,Y,0.02648043067074058,8.835501457409778,5.209486152841421
Female,Yes,0.0,Graduate,No,360.0,1.0,Rural,N,0.02443814095570587,8.430327258394575,4.727387818712341
Male,Yes,0.0,Graduate,No,360.0,1.0,Rural,Y,0.02234927234927235,8.660947155060933,4.867534450455582
Male,No,0.0,Graduate,No,480.0,0.0,Semiurban,N,0.028162717925793473,7.71333788887187,4.1588830833596715
Male,Yes,2.0,Graduate,No,360.0,1.0,Semiurban,Y,0.025,8.987321812850125,5.303304908059076
Male,Yes,0.0,Not Graduate,No,360.0,1.0,Rural,Y,0.026469768737809974,8.185907481482324,4.564348191467836
Male,Yes,3.0,Graduate,No,300.0,1.0,Urban,Y,0.013523172922744044,10.85445020594156,6.55250788703459
Male,Yes,3.0,Not Graduate,No,180.0,1.0,Rural,N,0.022998296422487224,8.167068178341237,4.406719247264253
Male,Yes,0.0,Graduate,No,360.0,1.0,Semiurban,Y,0.016500485308391422,9.335562336729565,5.236441962829949
Male,Yes,0.0,Not Graduate,Yes,360.0,1.0,Semiurban,N,0.017125984251968505,8.533263371593732,4.477336814478207
Male,Yes,0.0,Graduate,No,360.0,1.0,Rural,Y,0.021241530855154733,8.60557030203365,4.762173934797756
Male,Yes,2.0,Graduate,No,360.0,1.0,Rural,Y,0.027565502183406112,8.206583614320753,4.624972813284271
Male,Yes,3.0,Graduate,No,360.0,0.0,Semiurban,N,0.029436251189343482,9.73014555852275,6.206575926724928
Male,Yes,1.0,Graduate,No,360.0,1.0,Semiurban,Y,0.030933333333333334,8.229777750081887,4.762173934797756
Male,No,0.0,Not Graduate,No,480.0,0.0,Urban,N,0.026955602536997886,8.23880116587155,4.634728988229636
Male,Yes,1.0,Graduate,No,360.0,0.0,Urban,N,0.013186813186813187,9.521568058002977,5.198497031265826
Male,No,0.0,Graduate,No,360.0,1.0,Rural,N,0.00960022925920619,8.850804195756417,4.219507705176107
Male,Yes,0.0,Graduate,No,180.0,1.0,Semiurban,Y,0.015869565217391305,8.434028950155469,4.30406509320417
Male,Yes,1.0,Graduate,No,360.0,1.0,Semiurban,N,0.00768185309933227,10.429605648120413,5.564520407322694
Female,Yes,0.0,Graduate,No,360.0,1.0,Semiurban,Y,0.029793103448275862,8.195885391314796,4.6913478822291435
Male,Yes,0.0,Graduate,Yes,360.0,1.0,Semiurban,Y,0.0027336720049206094,10.6896240399389,4.795790545596741
Male,Yes,1.0,Graduate,Yes,300.0,0.0,Rural,N,0.030303030303030304,7.68662133494462,4.204692619390966
Male,Yes,0.0,Graduate,No,360.0,1.0,Rural,Y,0.012829020128290201,8.416709652837914,4.07753744390572
Male,Yes,0.0,Graduate,Yes,360.0,1.0,Rural,Y,0.02814070351758794,8.694669696546992,5.1298987149230735
Male,Yes,0.0,Graduate,No,180.0,1.0,Rural,Y,0.020154373927958835,9.140883106960962,5.241747015059643
Male,No,0.0,Not Graduate,No,360.0,1.0,Rural,Y,0.009825997952917094,8.494129251817686,3.8918202981106265
Male,No,0.0,Graduate,No,360.0,1.0,Semiurban,N,0.013666666666666667,9.392745258631441,5.10594547390058
Male,Yes,0.0,Not Graduate,No,360.0,1.0,Urban,N,0.026520802254268193,8.705165419719007,5.081404364984463
Male,No,0.0,Graduate,No,360.0,1.0,Semiurban,Y,0.019699326075686883,8.258163361537619,4.343805421853684
Male,No,0.0,Graduate,No,360.0,1.0,Rural,Y,0.02863278453829635,8.340933226000878,4.795790545596741
Male,Yes,1.0,Graduate,No,360.0,1.0,Semiurban,N,0.029782761037140854,8.64979915596426,5.14166355650266
Male,No,0.0,Graduate,No,360.0,1.0,Rural,Y,0.015476289001075892,9.399637542506563,5.236441962829949
Female,No,0.0,Not Graduate,No,360.0,1.0,Urban,Y,0.028089887640449437,8.360071435644025,4.795790545596741
Female,Yes,0.0,Graduate,No,360.0,1.0,Semiurban,Y,0.01813222079589217,8.73761303680885,4.736198448394496
Male,No,0.0,Graduate,Yes,360.0,1.0,Urban,N,0.007545454545454545,9.305741456739435,4.430816798843313
Male,Yes,1.0,Not Graduate,No,360.0,1.0,Semiurban,Y,0.01764705882352941,8.537191877922927,4.51085950651685
Male,No,2.0,Graduate,No,360.0,0.0,Semiurban,Y,0.03371927686370099,8.501876487304344,5.117993812416755
Male,Yes,3.0,Not Graduate,No,180.0,1.0,Urban,N,0.03206412825651302,8.292298107063221,4.859812404361672
Male,Yes,1.0,Not Graduate,No,360.0,1.0,Urban,Y,0.029456687759109753,8.430327258394575,4.912654885736052
Male,Yes,2.0,Not Graduate,No,360.0,1.0,Semiurban,Y,0.03165688026550932,8.273336598504486,4.8283137373023015
Female,No,0.0,Not Graduate,No,360.0,1.0,Semiurban,Y,0.02722323049001815,8.391403185357937,4.795790545596741
Female,No,0.0,Graduate,No,360.0,1.0,Urban,Y,0.02466091245376079,8.08487062913819,4.394449154672439
Male,No,0.0,Not Graduate,No,360.0,1.0,Rural,Y,0.008453735013833385,8.780633799494984,4.02535169073515
Male,No,0.0,Graduate,No,360.0,1.0,Urban,Y,0.02379991932230738,7.8160138391590275,4.0943445622221
Male,No,0.0,Graduate,No,360.0,1.0,Semiurban,N,0.0371562317144529,8.137103389639302,4.852030263919617
Female,No,0.0,Graduate,No,360.0,1.0,Semiurban,N,0.0214,9.210440366976517,5.3706380281276624
Male,Yes,3.0,Graduate,No,360.0,0.0,Semiurban,N,0.02735042735042735,8.45126704130007,4.859812404361672
Male,Yes,1.0,Graduate,Yes,360.0,1.0,Urban,Y,0.030820598433286245,8.960339366492091,5.484796933490655
Male,Yes,3.0,Not Graduate,Yes,360.0,1.0,Rural,Y,0.02279502016482553,8.648922962094131,4.875197323201151
Male,Yes,0.0,Graduate,No,360.0,1.0,Urban,Y,0.022118178882789795,8.731497794063243,4.927253685157205
Male,Yes,3.0,Not Graduate,No,360.0,1.0,Semiurban,Y,0.02069108214359611,8.483429561263428,4.61512051684126
Male,Yes,0.0,Graduate,No,360.0,1.0,Rural,N,0.06923076923076923,7.576097340623111,4.912654885736052
Male,Yes,0.0,Graduate,No,360.0,1.0,Semiurban,Y,0.023809523809523808,8.613048677059759,4.882801922586371
Male,Yes,2.0,Graduate,No,360.0,0.0,Semiurban,N,0.0144,8.517393171418904,4.290459441148391
Female,Yes,2.0,Graduate,No,360.0,1.0,Semiurban,Y,0.019051905190519053,8.80492526261806,4.852030263919617
Male,Yes,0.0,Graduate,No,360.0,0.0,Urban,N,0.0270148581719946,7.706162970199576,4.110873864173311
Male,Yes,2.0,Graduate,No,360.0,1.0,Semiurban,Y,0.020258470136220747,8.652947112393857,4.762173934797756
Male,No,0.0,Graduate,No,360.0,1.0,Semiurban,Y,0.024991322457480043,8.659213451436667,4.976733742420574
Male,Yes,0.0,Graduate,No,360.0,1.0,Semiurban,Y,0.0203772706101537,9.058237593766226,5.170483995038151
Male,Yes,0.0,Graduate,No,360.0,1.0,Semiurban,Y,0.02048,8.740496729931813,4.859812404361672
Male,Yes,0.0,Graduate,No,360.0,1.0,Rural,N,0.052307692307692305,8.086717920303906,5.14166355650266
Male,Yes,0.0,Not Graduate,Yes,360.0,1.0,Urban,N,0.02914466737064414,8.462948176563842,4.9344739331306915
Male,Yes,2.0,Graduate,No,360.0,1.0,Semiurban,Y,0.02643171806167401,8.980423936374544,5.351858133476067
Male,Yes,0.0,Graduate,No,480.0,1.0,Semiurban,Y,0.0332072299285414,8.46779284112111,5.0689042022202315
Male,No,0.0,Graduate,Yes,360.0,1.0,Rural,Y,0.03125,8.764209507142004,5.303304908059076
Male,Yes,1.0,Graduate,No,360.0,1.0,Semiurban,Y,0.02288228822882288,8.422003004412488,4.653960350157523
Male,Yes,0.0,Graduate,No,180.0,1.0,Rural,Y,0.011302475780409042,8.220672170297252,3.7612001156935624
Male,No,0.0,Not Graduate,No,360.0,1.0,Rural,Y,0.020736132711249352,8.663542087751374,4.795790545596741
Female,No,0.0,Graduate,No,360.0,1.0,Semiurban,Y,0.03360134405376215,9.0280988119824,5.638354669333745
Male,Yes,1.0,Graduate,No,360.0,1.0,Semiurban,Y,0.02837454398054317,8.504107951867582,4.948759890378168
Male,Yes,1.0,Graduate,No,360.0,1.0,Rural,Y,0.02514792899408284,8.818926087090677,5.14166355650266
Male,Yes,0.0,Graduate,No,360.0,1.0,Urban,N,0.04437869822485207,8.656433258507741,5.545177444479562
Female,No,0.0,Graduate,Yes,360.0,1.0,Urban,Y,0.03522956973722206,8.150179269682326,4.812184355372417
Female,No,1.0,Graduate,No,360.0,1.0,Rural,Y,0.02938090241343127,8.246171559857563,4.727387818712341
Male,Yes,1.0,Graduate,No,360.0,1.0,Semiurban,Y,0.02895927601809955,8.106514516255185,4.574710978503383
Male,Yes,2.0,Graduate,No,360.0,1.0,Rural,Y,0.01109159811442832,9.289151552400472,4.795790545596741
Male,Yes,1.0,Not Graduate,No,180.0,1.0,Urban,N,0.031159581571333184,8.410498452745275,4.948759890378168
Male,No,0.0,Graduate,No,60.0,1.0,Urban,Y,0.017885991230094624,9.067277989134345,5.049856007249537
Male,Yes,2.0,Graduate,Yes,360.0,1.0,Rural,Y,0.014304635761589404,8.929435283803425,4.6913478822291435
Male,Yes,0.0,Not Graduate,No,360.0,1.0,Semiurban,Y,0.01572286846478333,8.964951211714654,4.820281565605037
Male,No,0.0,Graduate,Yes,180.0,1.0,Urban,N,0.011557353366079168,9.248021438943871,4.795790545596741
Male,Yes,2.0,Graduate,No,360.0,1.0,Urban,Y,0.011542821807688343,9.180293450623886,4.727387818712341
Male,Yes,1.0,Not Graduate,No,180.0,1.0,Urban,Y,0.020732445520581115,8.796187635470453,4.927253685157205
Male,Yes,1.0,Graduate,No,480.0,1.0,Semiurban,Y,0.02603174603174603,8.460834457746854,4.820281565605037
Male,Yes,0.0,Graduate,No,360.0,1.0,Urban,Y,0.024476475387544192,8.210124405164267,4.51085950651685
Male,Yes,0.0,Not Graduate,No,360.0,0.0,Semiurban,N,0.0361640878013674,8.62317351495347,5.308267697401205
Female,No,2.0,Graduate,No,360.0,1.0,Urban,N,0.040268456375838924,8.13973227971767,4.9344739331306915
Male,No,0.0,Not Graduate,Yes,360.0,1.0,Rural,Y,0.021894736842105262,8.46611040118692,4.653960350157523
Male,Yes,1.0,Not Graduate,No,180.0,1.0,Semiurban,Y,0.02858020897357099,9.186355009225672,5.634789603169249
Male,No,0.0,Graduate,Yes,360.0,0.0,Urban,N,0.011815384615384615,9.69590972432601,5.262690188904886
Female,No,3.0,Graduate,No,360.0,1.0,Rural,Y,0.08271164450210834,8.03398273468322,5.545177444479562
Male,No,0.0,Not Graduate,No,360.0,0.0,Rural,N,0.01902398676592225,8.707152175339404,4.7535901911063645
Male,Yes,3.0,Graduate,No,360.0,1.0,Urban,N,0.017904761904761906,8.566173813637858,4.553876891600541
Male,Yes,0.0,Graduate,No,360.0,1.0,Rural,N,0.018113567300244295,9.728181330636078,5.720311776607412
Male,Yes,3.0,Not Graduate,No,360.0,1.0,Semiurban,N,0.02595822348408031,8.503499864284235,4.859812404361672
Male,Yes,1.0,Graduate,No,360.0,1.0,Urban,Y,0.03193651408109939,9.24319470884713,5.802118375377063
Male,No,0.0,Graduate,No,360.0,1.0,Semiurban,Y,0.03138908409463575,8.35936910622267,4.90527477843843
Female,No,1.0,Graduate,No,36.0,1.0,Semiurban,N,0.04452743464521689,8.155362120328135,5.049856007249537
Female,No,0.0,Graduate,No,360.0,1.0,Rural,Y,0.016666666666666666,8.881975184248867,4.795790545596741
Male,No,0.0,Graduate,Yes,360.0,1.0,Semiurban,Y,0.024777390631049168,8.550047528287184,4.859812404361672
Male,No,0.0,Graduate,No,360.0,1.0,Rural,Y,0.02002121453195439,8.928375259853631,5.0238805208462765
Male,Yes,2.0,Graduate,No,360.0,1.0,Semiurban,Y,0.02461033634126333,8.715388097366482,5.017279836814924
Male,Yes,3.0,Graduate,No,360.0,0.0,Urban,Y,0.026041666666666668,8.723394022000136,5.081404364984463
Female,No,0.0,Graduate,No,360.0,1.0,Rural,N,0.03949678174370977,8.137103389639302,4.912654885736052
Female,No,1.0,Graduate,No,360.0,1.0,Urban,Y,0.02028854824165915,8.39773375137891,4.51085950651685
Female,No,0.0,Graduate,No,360.0,1.0,Urban,Y,0.009267840593141797,8.08271113423758,3.4339872044851463
Male,Yes,0.0,Graduate,No,360.0,1.0,Urban,Y,0.012201686703750225,9.318925682389624,4.919980925828125
Male,No,0.0,Graduate,No,360.0,1.0,Rural,Y,0.026865671641791045,8.453401058328458,4.844187086458591
Male,Yes,0.0,Graduate,No,360.0,1.0,Semiurban,Y,0.03097253768325418,8.485496104672983,5.017279836814924
Male,Yes,2.0,Graduate,No,360.0,1.0,Semiurban,Y,0.023076923076923078,8.268988209506656,4.51085950651685
Male,Yes,1.0,Graduate,No,360.0,1.0,Semiurban,Y,0.02504355400696864,8.432288684325794,4.7535901911063645
Male,Yes,0.0,Graduate,No,360.0,1.0,Semiurban,Y,0.02848493188385854,8.891236429516061,5.337538079701318
Male,Yes,0.0,Graduate,No,360.0,1.0,Urban,Y,0.018169429934135818,8.390268497842571,4.394449154672439
Male,Yes,0.0,Graduate,No,360.0,1.0,Semiurban,Y,0.02989782623602825,9.5876803163585,6.07993319509559
Female,Yes,0.0,Not Graduate,No,360.0,1.0,Rural,Y,0.03024390243902439,8.31898612539206,4.8283137373023015
Male,No,1.0,Not Graduate,Yes,360.0,0.0,Urban,N,0.02438647939496836,8.776475789346321,5.0689042022202315
Male,Yes,0.0,Graduate,No,360.0,1.0,Semiurban,Y,0.0236936746350751,8.461257559085935,4.727387818712341
Male,Yes,2.0,Graduate,No,180.0,1.0,Urban,Y,0.023731288879615956,8.097973923364721,4.3694478524670215
Female,No,0.0,Graduate,No,360.0,1.0,Urban,Y,0.015530629853321829,8.154212694914229,4.007333185232471
Male,Yes,0.0,Graduate,No,360.0,1.0,Rural,N,0.006193448492766246,9.936341889407075,4.859812404361672
Male,No,0.0,Graduate,No,360.0,1.0,Rural,Y,0.014329415553051039,8.734238184268579,4.499809670330265
Female,No,0.0,Graduate,Yes,300.0,1.0,Semiurban,N,0.022932592077831826,8.370547611074752,4.605170185988092
Male,Yes,0.0,Graduate,No,360.0,1.0,Rural,Y,0.021037868162692847,8.649098262296176,4.795790545596741
Female,No,0.0,Graduate,No,360.0,1.0,Semiurban,Y,0.027885548011639186,8.324821298768782,4.7535901911063645
Male,No,0.0,Graduate,No,360.0,1.0,Rural,Y,0.019667648296171646,9.159993997539445,5.236441962829949
Male,Yes,0.0,Graduate,No,360.0,1.0,Rural,Y,0.025314150427973046,8.61104776688786,4.941642422609304
Male,Yes,2.0,Graduate,No,360.0,0.0,Semiurban,N,0.028863636363636362,8.38958706681109,4.852030263919617
Male,Yes,2.0,Graduate,No,360.0,1.0,Urban,Y,0.028431996605134735,8.458292083496076,4.90527477843843
Female,No,0.0,Graduate,No,480.0,0.0,Urban,N,0.026398375484585564,8.59748202264504,4.969813299576001
Male,Yes,0.0,Graduate,No,360.0,1.0,Semiurban,Y,0.03008570928808816,8.651374372882257,5.153291594497779
Male,Yes,3.0,Graduate,No,360.0,1.0,Urban,Y,0.01941404871161313,8.64241515616962,4.709530201312334
Male,Yes,1.0,Graduate,No,360.0,1.0,Semiurban,Y,0.02909090909090909,8.83579236650274,5.303304908059076
Female,Yes,1.0,Graduate,No,360.0,1.0,Urban,Y,0.028932704672096014,8.448271745949816,4.912654885736052
Female,No,0.0,Graduate,No,480.0,1.0,Rural,N,0.020023869513327144,8.928242677818302,5.0238805208462765
Male,Yes,1.0,Graduate,No,360.0,1.0,Urban,N,0.02287912532901397,8.505120610181969,4.736198448394496
Male,Yes,0.0,Not Graduate,No,360.0,0.0,Urban,N,0.01964512040557668,8.462737005620179,4.543294782270004
Male,Yes,0.0,Not Graduate,No,360.0,1.0,Semiurban,Y,0.022702702702702703,8.439447842791385,4.663439094112067
Female,No,0.0,Graduate,No,360.0,1.0,Rural,Y,0.0264,8.517393171418904,4.890349128221754
Male,Yes,1.0,Graduate,No,360.0,1.0,Urban,Y,0.028004667444574097,8.14002395246292,4.574710978503383
Male,No,0.0,Graduate,No,360.0,1.0,Rural,Y,0.021538461538461538,8.77971129020447,4.948759890378168
Male,No,0.0,Not Graduate,No,360.0,1.0,Urban,N,0.064,7.601402334583733,4.859812404361672
Female,No,0.0,Graduate,No,360.0,1.0,Rural,Y,0.024871039056742816,8.599510233905452,4.912654885736052
Female,No,0.0,Graduate,No,360.0,0.0,Urban,N,0.02439596528266479,8.357962965845681,4.653960350157523
Male,No,0.0,Graduate,No,360.0,1.0,Rural,N,0.02372361982899224,9.915119636765835,6.175867270105761
Male,Yes,2.0,Not Graduate,No,360.0,1.0,Rural,Y,0.024129385678883526,8.944811104165534,5.225746673713202
Female,No,0.0,Graduate,No,360.0,1.0,Semiurban,Y,0.028796708947548853,7.978653729082731,4.442651256490317
Male,No,0.0,Not Graduate,No,360.0,1.0,Semiurban,Y,0.020817704426106528,8.581669210600602,4.718498871295094
Female,No,0.0,Graduate,No,360.0,1.0,Rural,Y,0.022337455125648185,7.827240901752812,4.04305126783455
Male,Yes,2.0,Graduate,Yes,84.0,1.0,Rural,Y,0.025060911938739994,8.656433258507741,4.976733742420574
Male,Yes,0.0,Graduate,No,360.0,1.0,Rural,N,0.036839666357738644,8.370315995555478,5.075173815233827
Male,Yes,1.0,Not Graduate,No,180.0,1.0,Urban,Y,0.022028180194483032,8.525161361065415,4.718498871295094
Male,Yes,2.0,Graduate,No,360.0,1.0,Semiurban,Y,0.03228410008071025,8.220941168281389,4.795790545596741
Male,Yes,0.0,Graduate,No,360.0,1.0,Urban,Y,0.02099236641221374,8.341171747170762,4.48863636973214
Female,No,1.0,Graduate,No,360.0,1.0,Semiurban,Y,0.031629483196837054,8.17244681834278,4.727387818712341
Male,Yes,1.0,Graduate,Yes,360.0,1.0,Rural,N,0.0155,9.210440366976517,5.049856007249537
Male,Yes,0.0,Graduate,No,360.0,1.0,Semiurban,Y,0.025180643748631486,8.426830751335846,4.7535901911063645
Male,Yes,3.0,Graduate,No,360.0,1.0,Semiurban,Y,0.027367027146325315,8.418918622147897,4.8283137373023015
Male,Yes,2.0,Not Graduate,No,360.0,1.0,Rural,Y,0.024658062030437296,8.554874258383926,4.859812404361672
Female,No,0.0,Graduate,No,360.0,1.0,Rural,Y,0.021459925215412127,8.72453251118548,4.890349128221754
Male,Yes,3.0,Graduate,No,360.0,1.0,Rural,Y,0.02,9.61587214452889,5.707110264748875
Male,Yes,1.0,Graduate,Yes,360.0,0.0,Rural,N,0.027547805700051286,9.521494800613105,5.932245187448011
Male,No,0.0,Graduate,No,360.0,0.0,Rural,Y,0.026438885499288182,8.500657222776137,4.875197323201151
Male,Yes,0.0,Graduate,Yes,360.0,1.0,Semiurban,Y,0.023063424417147156,8.984568369308281,5.220355825078324
Female,Yes,0.0,Graduate,No,360.0,1.0,Urban,N,0.016214622641509434,8.82246957226897,4.709530201312334
Female,No,0.0,Graduate,No,360.0,1.0,Urban,Y,0.0268,7.824445930877619,4.219507705176107
Male,No,1.0,Graduate,No,360.0,1.0,Urban,Y,0.01894123360854784,8.728749873478527,4.770684624465665
Male,No,0.0,Graduate,No,360.0,1.0,Semiurban,Y,0.03339011925042589,7.984803389734406,4.59511985013459
Male,No,0.0,Graduate,No,360.0,1.0,Urban,Y,0.025061771973173313,7.949444420250626,4.276666119016055
Male,Yes,0.0,Graduate,No,180.0,1.0,Urban,Y,0.007736394208756335,11.056240743970491,6.19644412779452
Male,Yes,1.0,Graduate,Yes,180.0,1.0,Urban,Y,0.015600891479513115,9.364519622823858,5.209486152841421
Male,Yes,0.0,Graduate,Yes,360.0,1.0,Semiurban,Y,0.007004903432402682,9.20974019190415,4.2626798770413155
Male,Yes,1.0,Graduate,No,360.0,1.0,Rural,Y,0.02694509936005389,8.68929604801586,5.081404364984463
Male,Yes,2.0,Graduate,Yes,360.0,1.0,Rural,Y,0.024788732394366197,8.867990898182093,5.176149732573829
Female,No,3.0,Not Graduate,No,360.0,0.0,Urban,N,0.06994535519125683,7.5126175446745105,4.859812404361672
Female,No,0.0,Graduate,No,360.0,1.0,Semiurban,Y,0.01706730769230769,8.333510708982942,4.276666119016055
Male,Yes,3.0,Not Graduate,No,360.0,1.0,Rural,N,0.040859707132735006,8.351138607086154,5.159055299214529
Female,No,0.0,Graduate,No,360.0,1.0,Rural,N,0.01934398654331371,7.774435510302958,3.8501476017100584
Male,Yes,1.0,Not Graduate,No,360.0,1.0,Urban,Y,0.027321459450112398,8.6628507638386,5.0689042022202315
Male,Yes,3.0,Not Graduate,No,360.0,1.0,Semiurban,Y,0.023321777497636306,8.062747901086354,4.31748811353631
Male,Yes,2.0,Graduate,No,360.0,1.0,Rural,Y,0.0254427030327702,8.499843553081124,4.836281906951478
Male,Yes,0.0,Graduate,No,360.0,1.0,Semiurban,Y,0.03227758725035303,8.508757712595136,5.081404364984463
Male,Yes,0.0,Not Graduate,No,360.0,0.0,Rural,N,0.02250851473419221,8.817890200945513,5.030437921392435
Male,Yes,2.0,Not Graduate,No,360.0,1.0,Urban,Y,0.023995429442011044,8.566364235422688,4.844187086458591
Male,Yes,0.0,Graduate,No,360.0,1.0,Semiurban,Y,0.02372663979479663,9.29807648628027,5.560681631015528
Male,Yes,0.0,Graduate,No,360.0,1.0,Rural,Y,0.021070422535211266,9.091106284052485,5.236441962829949
Male,Yes,0.0,Graduate,No,360.0,1.0,Semiurban,Y,0.025101838599581636,9.114269903225448,5.43372200355424
Male,No,0.0,Graduate,No,360.0,1.0,Rural,N,0.023844545947201364,9.466376966592419,5.733341276897746
Male,Yes,3.0,Graduate,No,360.0,1.0,Rural,Y,0.02000421141292904,8.465899897028686,4.564348191467836
Female,Yes,0.0,Graduate,Yes,360.0,0.0,Rural,N,0.019090909090909092,8.612685172875459,4.663439094112067
Female,Yes,0.0,Graduate,No,360.0,1.0,Semiurban,Y,0.04439890710382514,7.982416346827733,4.875197323201151
Female,No,0.0,Graduate,No,180.0,1.0,Urban,Y,0.03042223970626803,8.246433786160365,4.762173934797756
Male,Yes,2.0,Graduate,No,360.0,1.0,Rural,Y,0.014347826086956521,9.350189267092581,5.111987788356544
Male,Yes,1.0,Graduate,No,360.0,1.0,Urban,N,0.01729032258064516,8.262558973010657,4.219507705176107
Male,Yes,0.0,Not Graduate,No,480.0,0.0,Urban,N,0.021431633090441493,8.448271745949816,4.61512051684126
Male,Yes,3.0,Graduate,No,360.0,1.0,Semiurban,Y,0.023998080153587713,9.028218795184895,5.303304908059076
Female,No,1.0,Graduate,No,360.0,1.0,Semiurban,N,0.017150116451408005,8.460411177317253,4.406719247264253
Male,Yes,2.0,Graduate,No,360.0,1.0,Semiurban,Y,0.027229721933771777,9.067393362656249,5.4680601411351315
Male,Yes,0.0,Graduate,No,360.0,1.0,Urban,Y,0.01835380488493576,8.865593998902725,4.875197323201151
Male,Yes,0.0,Graduate,No,300.0,1.0,Urban,Y,0.0157128680119087,8.707317560273212,4.564348191467836
Male,No,0.0,Graduate,Yes,360.0,1.0,Rural,Y,0.020668425681618294,8.828054536815424,4.955827057601261
Male,No,0.0,Not Graduate,No,360.0,1.0,Rural,N,0.021396396396396396,8.735042754269337,4.897839799950911
Male,No,0.0,Graduate,No,480.0,1.0,Semiurban,N,0.0384,7.824445930877619,4.574710978503383
Male,No,0.0,Graduate,No,360.0,0.0,Rural,N,0.02419984387197502,8.54188580400661,4.8283137373023015
Male,Yes,1.0,Graduate,No,360.0,1.0,Semiurban,Y,0.02766798418972332,8.752423403865594,5.170483995038151
Male,Yes,0.0,Graduate,No,360.0,1.0,Rural,N,0.022803648583773404,10.126511096649761,6.3473892096560105
Female,No,0.0,Graduate,Yes,360.0,1.0,Semiurban,Y,0.0034900691668253063,9.66523036341187,4.02535169073515
Male,Yes,2.0,Graduate,No,360.0,1.0,Semiurban,Y,0.029893924783027964,8.55371796609861,5.049856007249537
Male,Yes,2.0,Graduate,Yes,300.0,1.0,Rural,Y,0.02209816236334031,9.752490228984199,5.942799375126701
Male,No,1.0,Graduate,No,180.0,0.0,Urban,N,0.021984551396316103,8.527143522269405,4.718498871295094
Female,No,0.0,Graduate,No,360.0,1.0,Urban,Y,0.02604783329386692,8.348537825386098,4.709530201312334
Male,Yes,0.0,Graduate,No,180.0,1.0,Urban,Y,0.020905923344947737,8.655388690167637,4.795790545596741
Male,Yes,3.0,Graduate,No,360.0,1.0,Rural,Y,0.009457296668121635,9.52857589747142,4.875197323201151
Male,Yes,0.0,Graduate,No,360.0,1.0,Semiurban,Y,0.030162412993039442,8.368925174747135,4.875197323201151
Male,No,0.0,Graduate,No,480.0,1.0,Urban,N,0.023134571521668295,8.029432840581244,4.276666119016055
Male,Yes,2.0,Graduate,No,360.0,1.0,Urban,Y,0.024114264514932295,8.592671652592143,4.875197323201151
Male,Yes,0.0,Graduate,No,360.0,1.0,Semiurban,Y,0.021944111092062405,8.671458150427666,4.859812404361672
Male,No,0.0,Graduate,No,360.0,1.0,Semiurban,Y,0.029096628329892852,9.22759072538271,5.6937321388027
Female,No,0.0,Graduate,No,360.0,1.0,Urban,Y,0.026,8.699681400989514,5.056245805348308
Male,No,0.0,Graduate,Yes,360.0,1.0,Urban,Y,0.017859634435607646,8.877381954654766,4.859812404361672
Male,Yes,2.0,Graduate,No,360.0,1.0,Urban,N,0.021901007446342532,8.426611813185,4.61512051684126
Male,No,1.0,Graduate,No,180.0,1.0,Urban,Y,0.030815380419961822,8.207401833376355,4.736198448394496
Male,No,0.0,Not Graduate,No,360.0,1.0,Semiurban,Y,0.03345159655347187,8.280711075662847,4.890349128221754
Male,Yes,0.0,Not Graduate,No,360.0,0.0,Urban,N,0.02082655385616661,8.72371943690701,4.859812404361672
Male,Yes,0.0,Graduate,No,360.0,1.0,Urban,Y,0.02863157894736842,8.46611040118692,4.919980925828125
Male,Yes,0.0,Graduate,No,360.0,1.0,Rural,Y,0.022776967930029153,8.610501368549889,4.836281906951478
Male,No,3.0,Graduate,No,360.0,1.0,Rural,Y,0.020181084324206393,9.12347443895452,5.225746673713202
Male,Yes,3.0,Graduate,No,360.0,1.0,Rural,Y,0.028935185185185185,9.15957325492253,5.62040086571715
Male,Yes,0.0,Graduate,No,360.0,1.0,Urban,Y,0.02554278416347382,8.455104999102815,4.795790545596741
Male,Yes,2.0,Not Graduate,No,180.0,1.0,Semiurban,Y,0.03123272526257601,8.193953023563742,4.736198448394496
Male,Yes,2.0,Graduate,No,360.0,1.0,Urban,Y,0.025111111111111112,8.412054873292933,4.736198448394496
Male,Yes,2.0,Graduate,No,360.0,1.0,Semiurban,Y,0.03590425531914894,8.232440158470336,4.912654885736052
Female,No,0.0,Graduate,No,360.0,0.0,Urban,N,0.02232704402515723,8.064950891749143,4.276666119016055
Male,Yes,0.0,Graduate,No,360.0,1.0,Urban,Y,0.021148708815672306,8.41027590907016,4.564348191467836
Male,No,0.0,Not Graduate,No,360.0,1.0,Rural,Y,0.019576149425287355,8.624970783589669,4.700480365792417
Female,No,0.0,Graduate,No,360.0,0.0,Semiurban,N,0.031212121212121212,8.101980731853192,4.6443908991413725
Male,Yes,2.0,Not Graduate,No,180.0,0.0,Urban,N,0.01557632398753894,7.969011781106478,3.828641396489095
Male,No,0.0,Not Graduate,No,300.0,1.0,Rural,N,0.023593466424682397,7.9215356321335495,4.189654742026425
Male,No,0.0,Graduate,No,360.0,1.0,Semiurban,Y,0.004577777777777778,10.021315031649332,4.6443908991413725
Female,No,0.0,Not Graduate,No,360.0,1.0,Semiurban,Y,0.026999490575649515,7.582738488914411,3.9889840465642745
Female,No,0.0,Graduate,Yes,360.0,1.0,Rural,N,0.026071764547775836,8.914894908906568,5.272999558563747
Female,No,0.0,Graduate,No,360.0,1.0,Semiurban,Y,0.025291400923685946,8.422442854870427,4.7535901911063645
Male,Yes,0.0,Not Graduate,No,360.0,1.0,Urban,Y,0.025180643748631486,8.426830751335846,4.7535901911063645
Female,No,0.0,Not Graduate,No,360.0,1.0,Rural,Y,0.0298237686398554,7.7025561132685825,4.204692619390966
Male,Yes,1.0,Graduate,No,300.0,0.0,Semiurban,N,0.018313253012048194,9.024131268455035,5.030437921392435
Male,Yes,3.0,Graduate,No,360.0,0.0,Rural,N,0.0044444444444444444,11.302216779257382,5.8888779583328805
Female,No,1.0,Not Graduate,Yes,360.0,1.0,Semiurban,N,0.016033100594776313,8.260492856573185,4.143134726391533
Male,Yes,0.0,Graduate,No,360.0,1.0,Urban,Y,0.02557544757033248,8.741456115998364,5.081404364984463
Male,Yes,0.0,Not Graduate,No,360.0,0.0,Rural,N,0.035761154855643046,8.715552125907816,5.389071729816501
Male,Yes,0.0,Not Graduate,No,360.0,1.0,Rural,Y,0.025664955669622024,8.363342466597977,4.709530201312334
Female,Yes,0.0,Not Graduate,No,360.0,0.0,Semiurban,N,0.03304864463423691,8.591743922680534,5.187385805840755
Female,No,0.0,Graduate,No,360.0,1.0,Urban,Y,0.02003338898163606,8.005033344637111,4.110873864173311
Female,No,1.0,Graduate,No,360.0,1.0,Urban,N,0.06153846153846154,7.8636512654486515,5.081404364984463
Male,Yes,2.0,Graduate,Yes,360.0,1.0,Urban,N,0.011064814814814816,9.980494888896912,5.480638923341991
Male,Yes,0.0,Graduate,No,360.0,1.0,Rural,Y,0.02948920484465508,8.242493153187626,4.727387818712341
Male,Yes,0.0,Graduate,No,360.0,1.0,Semiurban,Y,0.029594681535492173,8.447628728030327,4.9344739331306915
Male,Yes,0.0,Graduate,No,360.0,1.0,Rural,Y,0.023674729799279464,8.670772279344538,4.9344739331306915
Female,No,0.0,Not Graduate,No,360.0,0.0,Urban,N,0.029411764705882353,7.908754738783246,4.394449154672439
Male,Yes,0.0,Graduate,No,360.0,1.0,Urban,Y,0.028256569652444195,8.17188200612782,4.61512051684126
Male,Yes,1.0,Graduate,No,360.0,0.0,Urban,N,0.01233598743972188,9.095826985187422,4.709530201312334
Male,Yes,0.0,Graduate,No,360.0,1.0,Semiurban,Y,0.0064516129032258064,9.60784051043005,4.574710978503383
Male,Yes,0.0,Graduate,No,360.0,1.0,Rural,Y,0.01737008326155613,8.848939995030118,4.804021044733257
Female,No,1.0,Not Graduate,No,360.0,1.0,Rural,N,0.017585757707338254,8.435332164935916,4.406719247264253
Male,Yes,2.0,Graduate,No,360.0,1.0,Semiurban,Y,0.02240943555181129,8.688790784847216,4.897839799950911
Male,Yes,0.0,Graduate,No,360.0,1.0,Rural,Y,0.029630941506174818,7.9851847886683345,4.477336814478207
Male,No,0.0,Not Graduate,No,180.0,1.0,Urban,Y,0.02208317997791682,7.907651594711089,4.110873864173311
Female,No,1.0,Graduate,Yes,360.0,1.0,Semiurban,Y,0.017393320964749538,9.062420241899561,5.017279836814924
Male,No,0.0,Graduate,No,360.0,0.0,Rural,N,0.016153846153846154,8.77971129020447,4.663439094112067
Male,No,0.0,Graduate,No,360.0,1.0,Semiurban,Y,0.03145386766076421,9.463198053273784,6.0063531596017325
Male,Yes,0.0,Graduate,No,360.0,1.0,Semiurban,Y,0.030010493179433367,8.469262657658687,4.969813299576001
Male,No,0.0,Graduate,No,360.0,1.0,Urban,Y,0.02666666666666667,8.229777750081887,4.61512051684126
Female,Yes,0.0,Graduate,No,240.0,1.0,Semiurban,Y,0.012740121429282374,9.21512888870798,4.859812404361672
Male,No,0.0,Graduate,No,360.0,1.0,Semiurban,Y,0.013238019592268996,8.236950048061455,3.9318256327243257
Male,Yes,0.0,Graduate,No,360.0,1.0,Urban,Y,0.03834631515877771,8.113426639943654,4.859812404361672
Male,No,0.0,Graduate,Yes,360.0,0.0,Urban,N,0.0179531490015361,9.251194365984448,5.236441962829949
Female,Yes,0.0,Not Graduate,Yes,360.0,1.0,Rural,Y,0.019322318678241388,8.873888135154973,4.9344739331306915
Male,No,0.0,Graduate,No,360.0,1.0,Semiurban,Y,0.021435121503897293,9.073947747070628,5.236441962829949
Male,Yes,0.0,Graduate,No,360.0,1.0,Rural,Y,0.018491884117526197,9.1834829178063,5.198497031265826
Male,No,3.0,Not Graduate,No,360.0,1.0,Semiurban,Y,0.02208955223880597,8.81001204797317,5.003946305945459
Male,No,1.0,Graduate,No,360.0,1.0,Semiurban,Y,0.004029799305389856,10.537945736747394,5.030437921392435
Male,Yes,0.0,Graduate,No,300.0,1.0,Rural,Y,0.011170688114387846,9.659311868393488,5.170483995038151
Male,Yes,1.0,Graduate,Yes,360.0,1.0,Rural,Y,0.027801539777587682,8.450412157725886,4.875197323201151
Male,Yes,2.0,Not Graduate,No,360.0,1.0,Rural,Y,0.023645743766122097,8.445267451844648,4.709530201312334
Male,Yes,0.0,Graduate,No,360.0,1.0,Rural,N,0.011190233977619531,8.500250470685925,4.02535169073515
Male,Yes,2.0,Graduate,No,360.0,0.0,Rural,N,0.0297029702970297,8.527341522468053,5.017279836814924
Male,No,1.0,Not Graduate,Yes,360.0,1.0,Semiurban,N,0.04407330085826954,8.369157112588834,5.25227342804663
Male,Yes,2.0,Not Graduate,No,360.0,0.0,Rural,N,0.035072951739618406,8.178919332848396,4.836281906951478
Male,Yes,2.0,Not Graduate,No,300.0,1.0,Urban,Y,0.01757469244288225,8.13593277200489,4.110873864173311
Male,Yes,0.0,Graduate,No,360.0,0.0,Rural,N,0.02622777679985918,8.645058562414134,5.0106352940962555
Male,Yes,0.0,Graduate,No,180.0,0.0,Rural,Y,0.018185492018589614,8.507142855562735,4.51085950651685
Male,No,0.0,Graduate,Yes,360.0,1.0,Semiurban,Y,0.011856033874382499,8.865876285425417,4.442651256490317
Male,Yes,2.0,Graduate,No,360.0,1.0,Semiurban,Y,0.024876911116869654,8.258422462458876,4.574710978503383
Male,Yes,0.0,Graduate,No,360.0,1.0,Urban,Y,0.027435480120902116,8.366835309827675,4.77912349311153
Male,Yes,0.0,Graduate,No,360.0,1.0,Urban,N,0.027560936753226063,8.744806737401898,5.159055299214529
Male,No,2.0,Graduate,No,360.0,1.0,Rural,Y,0.03123564538355535,8.379079889286603,4.919980925828125
Male,Yes,0.0,Graduate,No,360.0,1.0,Semiurban,N,0.01919846412287017,9.028218795184895,5.081404364984463
Male,Yes,0.0,Graduate,Yes,360.0,1.0,Semiurban,Y,0.025948751216347713,8.726967774991493,5.081404364984463
Male,Yes,3.0,Graduate,No,180.0,1.0,Urban,Y,0.016537467700258397,8.954286157204713,4.859812404361672
Male,Yes,0.0,Graduate,No,360.0,1.0,Rural,Y,0.02940611185854315,8.557182839632397,5.0369526024136295
Female,No,1.0,Not Graduate,No,360.0,1.0,Semiurban,Y,0.025428626468888462,8.554874258383926,4.890349128221754
Male,No,0.0,Graduate,No,360.0,0.0,Semiurban,N,0.023523763802208355,8.334951631422454,4.59511985013459
Male,No,0.0,Graduate,No,360.0,1.0,Rural,Y,0.023333333333333334,8.699681400989514,4.948759890378168
Male,Yes,3.0,Not Graduate,No,180.0,0.0,Urban,N,0.015181088700932552,8.436416881388949,4.2626798770413155
Male,Yes,0.0,Graduate,No,360.0,1.0,Semiurban,Y,0.006589983225497244,9.722744748855389,4.709530201312334
Female,Yes,2.0,Not Graduate,No,360.0,1.0,Semiurban,Y,0.03133994243684042,8.048149101665201,4.59511985013459
Male,Yes,0.0,Graduate,No,360.0,1.0,Urban,N,0.016214622641509434,8.82246957226897,4.709530201312334
Male,Yes,1.0,Graduate,Yes,360.0,1.0,Semiurban,Y,0.02930005425935974,8.61794309451638,5.093750200806762
Male,Yes,1.0,Not Graduate,No,180.0,0.0,Rural,N,0.027209246327955693,8.331827004436057,4.736198448394496
Male,Yes,3.0,Graduate,No,360.0,1.0,Semiurban,Y,0.021317416329140908,8.453614209773367,4.61512051684126
Female,No,0.0,Graduate,Yes,360.0,1.0,Urban,Y,0.0372,7.824445930877619,4.543294782270004
Male,No,2.0,Graduate,No,360.0,1.0,Rural,Y,0.015913555992141455,9.228278517107196,5.093750200806762
Male,Yes,2.0,Graduate,Yes,360.0,1.0,Rural,Y,0.008552369006214722,9.772239265926174,5.017279836814924
Male,Yes,2.0,Graduate,No,300.0,1.0,Semiurban,Y,0.027218934911242602,9.042040056544483,5.442417710521793
Male,Yes,2.0,Graduate,No,360.0,0.0,Semiurban,N,0.027818756585879872,8.465057436995709,4.890349128221754
Male,Yes,1.0,Graduate,Yes,360.0,1.0,Semiurban,Y,0.004546175397790347,9.847869128773116,4.465908118654584
Male,Yes,2.0,Graduate,No,360.0,1.0,Urban,N,0.028131868131868132,8.423102268016642,4.859812404361672
Female,No,0.0,Not Graduate,No,360.0,1.0,Rural,Y,0.035402298850574714,8.37816098272068,5.043425116919247
Male,Yes,3.0,Not Graduate,No,360.0,1.0,Rural,Y,0.03651050080775444,8.037866234709618,4.736198448394496
Male,Yes,0.0,Graduate,No,360.0,1.0,Semiurban,Y,0.024460156697878845,8.562931083090092,4.859812404361672
Male,Yes,0.0,Graduate,No,360.0,1.0,Semiurban,Y,0.02160066463583495,9.290444616217844,5.459585514144159
Male,Yes,2.0,Graduate,No,360.0,1.0,Semiurban,Y,0.029521180847233888,9.0280988119824,5.5093883366279774
Male,Yes,1.0,Not Graduate,No,360.0,1.0,Rural,Y,0.029813381884387802,8.388222810119277,4.882801922586371
Male,No,2.0,Graduate,No,360.0,0.0,Rural,N,0.02255427121511136,8.17413934342947,4.394449154672439
Male,Yes,1.0,Graduate,No,360.0,1.0,Urban,N,0.02727322314951181,9.816512538521721,6.2166061010848646
Male,Yes,2.0,Graduate,Yes,360.0,1.0,Semiurban,Y,0.024002400240024,8.80492526261806,5.081404364984463
Male,No,0.0,Graduate,No,360.0,1.0,Urban,N,0.030800821355236138,7.798112628829788,4.330733340286331
Male,No,0.0,Not Graduate,No,360.0,1.0,Semiurban,Y,0.0175054704595186,8.609772372709331,4.574710978503383
Male,Yes,1.0,Not Graduate,No,360.0,1.0,Urban,Y,0.028774752475247526,8.774158291205957,5.231108616854587
Male,No,0.0,Not Graduate,No,360.0,1.0,Rural,Y,0.029802221620157138,8.213923595622743,4.709530201312334
Female,No,0.0,Not Graduate,Yes,360.0,1.0,Semiurban,Y,0.013033655795632277,9.756378687497916,5.420534999272286
Male,Yes,0.0,Graduate,No,360.0,0.0,Rural,N,0.02068126520681265,8.657824321155983,4.787491742782046
Female,Yes,1.0,Graduate,No,84.0,1.0,Semiurban,Y,0.024769992922859165,8.352318548226004,4.663439094112067
Male,Yes,0.0,Not Graduate,No,360.0,1.0,Rural,Y,0.02488372093023256,8.366602832783736,4.68213122712422
Male,Yes,0.0,Graduate,No,12.0,1.0,Urban,Y,0.01483560545308741,8.920389060080359,4.718498871295094
Male,Yes,1.0,Graduate,Yes,360.0,1.0,Semiurban,Y,0.03281519861830743,7.971085753505607,4.564348191467836
Male,No,0.0,Graduate,No,360.0,0.0,Rural,N,0.019534535937938125,9.277999020449997,5.3471075307174685
Female,No,0.0,Graduate,No,480.0,1.0,Rural,Y,0.0261090573012939,8.37309184744198,4.736198448394496
Female,No,0.0,Graduate,No,360.0,1.0,Semiurban,Y,0.03165558721114277,8.058327306580958,4.61512051684126
Male,Yes,2.0,Graduate,No,360.0,1.0,Semiurban,Y,0.01983029840785585,9.258177701390343,5.342334251964811
Male,Yes,1.0,Not Graduate,No,360.0,1.0,Rural,N,0.014756201881950384,9.143452426434552,4.9344739331306915
Male,Yes,0.0,Not Graduate,No,300.0,1.0,Semiurban,Y,0.0234094770624882,8.575084669832014,4.8283137373023015
Male,Yes,2.0,Graduate,No,360.0,1.0,Rural,Y,0.030658591975775928,8.978029932837156,5.497168225293202
Male,Yes,0.0,Graduate,No,360.0,1.0,Urban,Y,0.017454545454545455,10.221977646629885,6.175867270105761
Male,No,0.0,Graduate,No,360.0,1.0,Urban,N,0.026793190064192018,8.18423477409482,4.574710978503383
Male,Yes,0.0,Graduate,Yes,360.0,1.0,Urban,Y,0.03423160961398398,8.61122983334262,5.241747015059643
Female,No,1.0,Graduate,No,360.0,1.0,Urban,Y,0.003016136329362087,9.492733482494353,3.713572066704308
Male,No,0.0,Not Graduate,No,360.0,1.0,Rural,N,0.02047082906857728,8.494129251817686,4.61512051684126
Male,Yes,1.0,Graduate,No,360.0,1.0,Semiurban,Y,0.030982773577890692,8.995908761263994,5.5254529391317835
Male,Yes,2.0,Graduate,No,360.0,1.0,Urban,Y,0.027830011282437006,8.579040594742317,5.003946305945459
Male,Yes,0.0,Graduate,No,180.0,1.0,Semiurban,N,0.007958162801273306,9.082166033252674,4.2626798770413155
Male,No,0.0,Graduate,No,360.0,1.0,Rural,N,0.03280244699926168,9.157150543462064,5.7430031878094825
Male,Yes,3.0,Graduate,No,360.0,1.0,Rural,Y,0.02175805047867711,8.838551790227402,5.017279836814924
Female,Yes,2.0,Graduate,No,480.0,1.0,Semiurban,Y,0.03084903084903085,8.20631072579402,4.736198448394496
Male,Yes,0.0,Not Graduate,No,360.0,0.0,Semiurban,N,0.025235945835043086,8.491875383431948,4.820281565605037
Male,No,0.0,Graduate,No,360.0,1.0,Semiurban,N,0.02803879963625341,8.794673401383422,5.225746673713202
Female,No,0.0,Not Graduate,No,360.0,1.0,Rural,N,0.027941176470588237,8.131824785007195,4.564348191467836
Male,Yes,2.0,Not Graduate,No,360.0,1.0,Semiurban,Y,0.011438739196746314,8.277666160851503,3.828641396489095
Male,No,0.0,Graduate,No,360.0,1.0,Semiurban,Y,0.022,7.824445930877619,4.02535169073515
Male,Yes,3.0,Graduate,Yes,360.0,1.0,Rural,Y,0.01408252358822701,8.868131713503033,4.61512051684126
Male,Yes,2.0,Graduate,Yes,360.0,1.0,Rural,Y,0.031758634378721715,9.623442907213558,6.175867270105761
Male,No,0.0,Graduate,No,360.0,1.0,Semiurban,N,0.01891532436825772,8.81996090128606,4.859812404361672
Male,Yes,2.0,Graduate,Yes,360.0,1.0,Rural,Y,0.022857142857142857,9.770013301136158,5.993961427306569
Male,Yes,0.0,Graduate,No,360.0,1.0,Semiurban,Y,0.02913907284768212,8.236420527265391,4.709530201312334
Male,Yes,1.0,Not Graduate,No,360.0,0.0,Semiurban,Y,0.023976172747580043,8.812248018197431,5.087596335232384
Male,No,1.0,Not Graduate,No,360.0,1.0,Semiurban,Y,0.02361215774930922,8.289539484624141,4.553876891600541
Male,No,0.0,Not Graduate,No,360.0,1.0,Semiurban,Y,0.019165560961226596,8.822322177471738,4.875197323201151
Male,Yes,0.0,Graduate,No,360.0,1.0,Rural,Y,0.03310344827586207,8.783549477153265,5.37989735354046
Male,Yes,3.0,Graduate,No,360.0,1.0,Urban,Y,0.023359028264424198,8.362175469149628,4.61512051684126
Male,No,2.0,Graduate,No,360.0,0.0,Rural,N,0.030657748049052396,8.185628891147607,4.709530201312334
Male,No,1.0,Graduate,No,360.0,1.0,Semiurban,N,0.01742222222222222,9.328212292571072,5.2832037287379885
Female,No,0.0,Not Graduate,Yes,360.0,1.0,Urban,Y,0.006881365262868153,9.80730699406216,4.836281906951478
Male,No,0.0,Not Graduate,No,360.0,1.0,Rural,Y,0.027439024390243903,8.432288684325794,4.844187086458591
Male,Yes,0.0,Graduate,No,360.0,1.0,Urban,Y,0.03227413088953083,9.214332393245721,5.783825182329737
Male,No,2.0,Graduate,No,360.0,1.0,Semiurban,Y,0.029582526956040918,8.193676665955241,4.68213122712422
Male,Yes,0.0,Not Graduate,No,360.0,1.0,Rural,N,0.019113814074717638,8.147288258706624,4.204692619390966
Male,Yes,3.0,Graduate,No,180.0,1.0,Rural,Y,0.02446626149290946,8.766861821669803,5.062595033026967
Female,Yes,1.0,Graduate,No,180.0,1.0,Semiurban,Y,0.018784382128002146,8.916506080039204,4.948759890378168
Female,No,0.0,Graduate,No,360.0,0.0,Semiurban,N,0.04630495790458372,7.668093709082406,4.605170185988092
Female,No,1.0,Graduate,No,360.0,1.0,Semiurban,Y,0.026013143483023003,8.203304026795282,4.564348191467836
Male,Yes,1.0,Not Graduate,No,360.0,1.0,Urban,Y,0.026873819021625025,8.46884293047519,4.859812404361672
Female,Yes,0.0,Not Graduate,No,360.0,1.0,Semiurban,Y,0.027717391304347826,8.210939733379021,4.634728988229636
Male,Yes,0.0,Graduate,No,360.0,1.0,Rural,Y,0.03285290377278508,8.459352191726387,5.049856007249537
Male,No,0.0,Not Graduate,No,36.0,1.0,Semiurban,N,0.023823704586063133,8.119398589612294,4.394449154672439
Male,No,0.0,Graduate,No,360.0,1.0,Rural,Y,0.03365049895567417,8.368693183097793,4.983606621708336
Female,No,0.0,Graduate,No,360.0,0.0,Semiurban,N,0.0206,8.517393171418904,4.6443908991413725
Male,Yes,0.0,Graduate,No,360.0,1.0,Rural,Y,0.022911893355550928,8.4767877767812,4.709530201312334
Male,Yes,2.0,Graduate,Yes,360.0,0.0,Rural,N,0.019297452133273028,8.799963219506997,4.859812404361672
Male,Yes,1.0,Not Graduate,No,360.0,1.0,Rural,Y,0.026299568522703924,8.490438454107418,4.859812404361672
Male,Yes,1.0,Graduate,No,360.0,1.0,Urban,Y,0.024001215251405136,8.792397742356906,5.0689042022202315
Male,Yes,0.0,Not Graduate,No,360.0,0.0,Urban,N,0.03781073741382912,8.473868066677865,5.204006687076795
Male,Yes,0.0,Graduate,No,180.0,0.0,Rural,N,0.01679603002926581,8.969541885423252,4.890349128221754
Male,Yes,1.0,Graduate,No,360.0,1.0,Semiurban,Y,0.004,8.77971129020447,3.295836866004329
Female,No,0.0,Graduate,No,360.0,1.0,Urban,Y,0.0195712954333644,8.36474106822456,4.442651256490317
Male,Yes,3.0,Graduate,Yes,360.0,1.0,Semiurban,Y,0.025643554591182564,9.224243277145174,5.564520407322694
Male,Yes,0.0,Graduate,No,360.0,1.0,Semiurban,Y,0.02471018913971934,8.788288460263619,5.093750200806762
Female,Yes,0.0,Graduate,No,360.0,1.0,Semiurban,Y,0.028060437866173297,8.777555453213056,5.209486152841421
Male,Yes,2.0,Not Graduate,No,360.0,1.0,Semiurban,Y,0.027572121521572634,8.273336598504486,4.6913478822291435
Female,Yes,1.0,Graduate,Yes,360.0,1.0,Semiurban,Y,0.03079449804968179,9.87740021777281,6.398594934535208
Male,Yes,0.0,Graduate,No,360.0,1.0,Rural,Y,0.02645104675943337,8.984443032465352,5.356586274672012
Male,No,0.0,Not Graduate,Yes,360.0,1.0,Semiurban,Y,0.022758620689655173,8.665785595466064,4.890349128221754
Male,Yes,2.0,Graduate,No,360.0,0.0,Urban,N,0.029321513808387316,9.082507000466299,5.556828061699537
Male,Yes,0.0,Not Graduate,No,360.0,1.0,Rural,Y,0.026863666890530557,8.404696160189092,4.795790545596741
Male,No,0.0,Graduate,No,360.0,1.0,Urban,Y,0.021002100210021003,8.111928063310739,4.2626798770413155
Male,Yes,3.0,Graduate,No,360.0,0.0,Rural,N,0.020847457627118645,8.682877107057168,4.820281565605037
Female,No,0.0,Graduate,No,360.0,1.0,Urban,N,0.0037846930193439865,7.774435510302958,2.302585092994046
Male,Yes,0.0,Graduate,No,360.0,0.0,Urban,N,0.01988527724665392,8.562357743370612,4.653960350157523
Male,Yes,1.0,Graduate,No,360.0,1.0,Urban,Y,0.035997677569189084,8.550241045462437,5.231108616854587
Male,Yes,0.0,Graduate,No,360.0,0.0,Urban,N,0.02512562814070352,8.789964651132264,5.111987788356544
Male,Yes,2.0,Graduate,No,360.0,1.0,Urban,Y,0.016500660026401055,9.721185995542177,5.62040086571715
Male,Yes,2.0,Not Graduate,No,480.0,1.0,Semiurban,N,0.024129032258064516,8.955577146281511,5.236441962829949
Male,Yes,3.0,Graduate,No,360.0,1.0,Semiurban,N,0.023415547923821417,8.765146421639022,5.017279836814924
Male,Yes,2.0,Graduate,No,84.0,1.0,Urban,Y,0.02983425414364641,8.19450550976564,4.6913478822291435
Male,Yes,0.0,Graduate,No,360.0,0.0,Semiurban,N,0.02567491032659996,8.575084669832014,4.919980925828125
Male,No,0.0,Graduate,No,360.0,1.0,Urban,Y,0.018431635388739945,8.69433468816865,4.709530201312334
Male,Yes,1.0,Graduate,No,360.0,1.0,Rural,Y,0.02665670154459392,8.297792626380861,4.68213122712422
Male,No,0.0,Graduate,No,360.0,1.0,Urban,Y,0.026397770126250206,8.716044050161402,5.087596335232384
Male,Yes,2.0,Graduate,No,360.0,1.0,Semiurban,Y,0.03134556574923547,8.785845337961213,5.327876168789581
Male,No,0.0,Graduate,No,360.0,1.0,Urban,N,0.0025229164914641325,10.482177411118249,4.51085950651685
Female,Yes,0.0,Graduate,No,360.0,1.0,Semiurban,Y,0.011370814908401769,8.06054004653864,3.6109179126442243
Male,Yes,1.0,Graduate,No,360.0,1.0,Rural,N,0.032446808510638296,7.53955882930103,4.127134385045092
Male,Yes,1.0,Graduate,No,360.0,0.0,Rural,N,0.031037414965986394,8.45638105201948,4.990432586778736
Male,Yes,1.0,Graduate,No,84.0,1.0,Rural,N,0.02361664149388988,8.8934354408475,5.153291594497779
Male,Yes,0.0,Graduate,No,360.0,1.0,Urban,Y,0.027232259753862266,8.24800570160062,4.653960350157523
Female,No,0.0,Not Graduate,No,360.0,1.0,Semiurban,Y,0.03233256351039261,7.680637427560936,4.2626798770413155
Male,No,0.0,Graduate,No,360.0,1.0,Semiurban,Y,0.019789473684210527,8.46611040118692,4.553876891600541
Male,Yes,2.0,Graduate,Yes,360.0,0.0,Semiurban,N,0.03888481291269259,7.910957382845589,4.672828834461906
Male,Yes,0.0,Graduate,No,180.0,1.0,Semiurban,Y,0.008728179551122194,8.766705997750515,4.04305126783455
Male,Yes,2.0,Graduate,Yes,240.0,1.0,Semiurban,N,0.034166666666666665,8.699681400989514,5.327876168789581
Male,No,3.0,Graduate,Yes,360.0,1.0,Semiurban,Y,0.031206583306615368,9.143986871426161,5.680172609017068
Male,Yes,0.0,Graduate,No,180.0,1.0,Rural,Y,0.019835172510127112,8.87626525995469,4.962844630259907
Male,Yes,0.0,Graduate,Yes,360.0,1.0,Urban,Y,0.016129032258064516,9.687878048875998,5.564520407322694
Male,No,0.0,Not Graduate,No,360.0,1.0,Rural,Y,0.02869814766501435,8.251663923605589,4.709530201312334
Male,Yes,2.0,Not Graduate,Yes,360.0,1.0,Rural,N,0.025328457266693756,8.907070776182689,5.236441962829949
Male,No,0.0,Graduate,No,360.0,0.0,Semiurban,N,0.02946099765651155,8.002359546252707,4.48863636973214
Male,Yes,0.0,Graduate,Yes,360.0,1.0,Rural,Y,0.018066847335140017,9.20673387638207,5.198497031265826
Male,Yes,2.0,Graduate,No,360.0,1.0,Urban,Y,0.03321799307958478,8.662331957082475,5.262690188904886
Female,No,3.0,Graduate,No,180.0,1.0,Urban,N,0.00831689755958463,10.647422899928179,5.860786223465865
Male,Yes,0.0,Not Graduate,No,360.0,1.0,Rural,Y,0.027259936686598662,8.645938147306799,5.049856007249537
Male,Yes,3.0,Graduate,No,360.0,1.0,Urban,Y,0.02244432754690514,8.648922962094131,4.859812404361672
Male,No,0.0,Graduate,No,360.0,1.0,Rural,Y,0.021561990723329573,8.984443032465352,5.153291594497779
Female,Yes,1.0,Graduate,No,360.0,1.0,Semiurban,Y,0.04133333333333333,9.392745258631441,6.208590026096629
Male,Yes,0.0,Not Graduate,No,180.0,1.0,Urban,N,0.02064516129032258,8.732465848349879,4.859812404361672
Male,Yes,1.0,Graduate,No,360.0,1.0,Semiurban,Y,0.029322033898305084,8.682877107057168,5.159055299214529
Male,Yes,2.0,Not Graduate,No,360.0,1.0,Rural,Y,0.029084846239347907,8.593969030218288,5.062595033026967
Male,Yes,0.0,Graduate,No,360.0,1.0,Rural,Y,0.020841373986877652,8.553139318189707,4.6913478822291435
Female,No,0.0,Graduate,No,360.0,1.0,Rural,Y,0.024482758620689656,7.972810784121404,4.276666119016055
Male,Yes,3.0,Graduate,No,180.0,1.0,Rural,Y,0.00974184120798831,8.320448113956559,3.713572066704308
Male,Yes,1.0,Graduate,No,360.0,1.0,Urban,Y,0.030437921077959576,9.025575833531088,5.537334267018537
Male,Yes,2.0,Graduate,No,360.0,1.0,Urban,Y,0.024660424634049848,8.933796043934858,5.236441962829949
Female,No,0.0,Graduate,Yes,360.0,0.0,Semiurban,N,0.02902029238490072,8.430327258394575,4.897839799950911
